First Name,Last Name,URL,Email Address,Company,Position,Connected On
Sarah,Mitchell,https://www.linkedin.com/in/sarah-mitchell,,Microsoft,Software Engineer,15 Jun 2002
David,Chen,https://www.linkedin.com/in/david-chen-tech,,Oracle,Database Administrator,22 Jun 2002
Jennifer,Williams,https://www.linkedin.com/in/jennifer-williams,,Accenture,Business Analyst,05 Jul 2002
Robert,Johnson,https://www.linkedin.com/in/robert-johnson-pm,,IBM,Project Manager,18 Aug 2002
Lisa,Anderson,https://www.linkedin.com/in/lisa-anderson,,Deloitte,Senior Consultant,03 Sep 2002
Michael,Brown,https://www.linkedin.com/in/michael-brown-dev,,Sun Microsystems,Java Developer,24 Oct 2002
Emily,Davis,https://www.linkedin.com/in/emily-davis,,HP,Systems Analyst,12 Nov 2002
James,Martinez,https://www.linkedin.com/in/james-martinez,,Cisco Systems,Network Engineer,30 Dec 2002
Patricia,Garcia,https://www.linkedin.com/in/patricia-garcia,,Intel,Hardware Engineer,15 Jan 2003
Christopher,Rodriguez,https://www.linkedin.com/in/christopher-rodriguez,,Dell,Technical Support Manager,28 Feb 2003
Amanda,Wilson,https://www.linkedin.com/in/amanda-wilson,,Adobe,UX Designer,14 Apr 2003
Daniel,Moore,https://www.linkedin.com/in/daniel-moore-qa,,Yahoo,QA Engineer,22 May 2003
Jessica,Taylor,https://www.linkedin.com/in/jessica-taylor,,eBay,Product Manager,08 Jul 2003
Matthew,Thomas,https://www.linkedin.com/in/matthew-thomas,,Motorola,Firmware Engineer,19 Sep 2003
Ashley,Jackson,https://www.linkedin.com/in/ashley-jackson,,Salesforce,Sales Engineer,05 Nov 2003
Joshua,White,https://www.linkedin.com/in/joshua-white-dev,,Nokia,Mobile Developer,17 Dec 2003
Michelle,Harris,https://www.linkedin.com/in/michelle-harris,,SAP,ERP Consultant,28 Jan 2004
Andrew,Martin,https://www.linkedin.com/in/andrew-martin,,Siemens,Automation Engineer,11 Mar 2004
Stephanie,Thompson,https://www.linkedin.com/in/stephanie-thompson,,Qualcomm,RF Engineer,25 Apr 2004
Ryan,Garcia,https://www.linkedin.com/in/ryan-garcia-dev,,Amazon,Software Development Engineer,08 Jun 2004
Nicole,Martinez,https://www.linkedin.com/in/nicole-martinez,,PayPal,Security Engineer,21 Jul 2004
Brandon,Robinson,https://www.linkedin.com/in/brandon-robinson,,Intuit,Full Stack Developer,03 Sep 2004
Rachel,Clark,https://www.linkedin.com/in/rachel-clark,,VMware,Cloud Engineer,16 Oct 2004
Justin,Rodriguez,https://www.linkedin.com/in/justin-rodriguez,,Symantec,Cybersecurity Analyst,29 Nov 2004
Megan,Lewis,https://www.linkedin.com/in/megan-lewis,,NetApp,Storage Engineer,12 Jan 2005
Tyler,Lee,https://www.linkedin.com/in/tyler-lee,,Texas Instruments,Embedded Systems Engineer,25 Feb 2005
Laura,Walker,https://www.linkedin.com/in/laura-walker,,Electronic Arts,Game Developer,10 Apr 2005
Kevin,Hall,https://www.linkedin.com/in/kevin-hall-pm,,Google,Product Manager,23 May 2005
Brittany,Allen,https://www.linkedin.com/in/brittany-allen,,Facebook,Data Scientist,05 Jul 2005
Jason,Young,https://www.linkedin.com/in/jason-young-dev,,Twitter,Backend Engineer,18 Aug 2005
Samantha,Hernandez,https://www.linkedin.com/in/samantha-hernandez,,LinkedIn,Recruiter,01 Oct 2005
Eric,King,https://www.linkedin.com/in/eric-king,,Apple,iOS Developer,14 Nov 2005
Melissa,Wright,https://www.linkedin.com/in/melissa-wright,,Dropbox,DevOps Engineer,27 Dec 2005
Brian,Lopez,https://www.linkedin.com/in/brian-lopez,,Uber,Systems Architect,09 Feb 2006
Angela,Hill,https://www.linkedin.com/in/angela-hill,,Airbnb,Frontend Developer,24 Mar 2006
Jeffrey,Scott,https://www.linkedin.com/in/jeffrey-scott,,Spotify,Audio Engineer,07 May 2006
Rebecca,Green,https://www.linkedin.com/in/rebecca-green,,Netflix,Content Delivery Engineer,20 Jun 2006
Jacob,Adams,https://www.linkedin.com/in/jacob-adams,,Slack,Software Engineer,03 Aug 2006
Kimberly,Baker,https://www.linkedin.com/in/kimberly-baker,,Zoom,Video Engineer,16 Sep 2006
Nathan,Gonzalez,https://www.linkedin.com/in/nathan-gonzalez,,Salesforce,Architect,29 Oct 2006
Amy,Nelson,https://www.linkedin.com/in/amy-nelson,,Box,Cloud Solutions Architect,12 Dec 2006
Aaron,Carter,https://www.linkedin.com/in/aaron-carter-dev,,Workday,Integration Developer,25 Jan 2007
Christina,Mitchell,https://www.linkedin.com/in/christina-mitchell,,ServiceNow,Platform Developer,08 Mar 2007
Adam,Perez,https://www.linkedin.com/in/adam-perez,,Zendesk,Support Engineer,21 Apr 2007
Katherine,Roberts,https://www.linkedin.com/in/katherine-roberts,,Atlassian,Agile Coach,04 Jun 2007
Zachary,Turner,https://www.linkedin.com/in/zachary-turner,,DocuSign,Security Architect,18 Jul 2007
Heather,Phillips,https://www.linkedin.com/in/heather-phillips,,Square,Payment Systems Engineer,31 Aug 2007
Jonathan,Campbell,https://www.linkedin.com/in/jonathan-campbell,,Stripe,API Developer,14 Oct 2007
Maria,Parker,https://www.linkedin.com/in/maria-parker,,Twilio,Communications Engineer,27 Nov 2007
Alexander,Evans,https://www.linkedin.com/in/alexander-evans,,GitHub,Platform Engineer,10 Jan 2008
Crystal,Edwards,https://www.linkedin.com/in/crystal-edwards,,GitLab,DevSecOps Engineer,23 Feb 2008
Timothy,Collins,https://www.linkedin.com/in/timothy-collins,,Databricks,Data Engineer,07 Apr 2008
Kelly,Stewart,https://www.linkedin.com/in/kelly-stewart,,Snowflake,Analytics Engineer,20 May 2008
Jeremy,Sanchez,https://www.linkedin.com/in/jeremy-sanchez,,Tableau,Visualization Developer,03 Jul 2008
Monica,Morris,https://www.linkedin.com/in/monica-morris,,Splunk,Log Analytics Engineer,16 Aug 2008
Dennis,Rogers,https://www.linkedin.com/in/dennis-rogers,,New Relic,Performance Engineer,29 Sep 2008
Tiffany,Reed,https://www.linkedin.com/in/tiffany-reed,,PagerDuty,Site Reliability Engineer,12 Nov 2008
Gregory,Cook,https://www.linkedin.com/in/gregory-cook,,Datadog,Monitoring Engineer,26 Dec 2008
Amber,Morgan,https://www.linkedin.com/in/amber-morgan,,HashiCorp,Infrastructure Engineer,09 Feb 2009
Jose,Bell,https://www.linkedin.com/in/jose-bell,,Docker,Container Engineer,24 Mar 2009
Danielle,Murphy,https://www.linkedin.com/in/danielle-murphy,,Kubernetes,Cloud Native Engineer,07 May 2009
Austin,Bailey,https://www.linkedin.com/in/austin-bailey,,Red Hat,Linux Systems Engineer,20 Jun 2009
Shannon,Rivera,https://www.linkedin.com/in/shannon-rivera,,SUSE,Enterprise Solutions Architect,03 Aug 2009
Gary,Cooper,https://www.linkedin.com/in/gary-cooper,,Canonical,Ubuntu Developer,16 Sep 2009
Diana,Richardson,https://www.linkedin.com/in/diana-richardson,,MongoDB,Database Developer,29 Oct 2009
Carl,Cox,https://www.linkedin.com/in/carl-cox,,Redis Labs,Cache Engineer,12 Dec 2009
Kathryn,Howard,https://www.linkedin.com/in/kathryn-howard,,Elastic,Search Engineer,25 Jan 2010
Keith,Ward,https://www.linkedin.com/in/keith-ward,,Confluent,Streaming Engineer,08 Mar 2010
Sharon,Torres,https://www.linkedin.com/in/sharon-torres,,RabbitMQ,Messaging Architect,21 Apr 2010
Douglas,Peterson,https://www.linkedin.com/in/douglas-peterson,,Kafka,Distributed Systems Engineer,04 Jun 2010
Carolyn,Gray,https://www.linkedin.com/in/carolyn-gray,,Cassandra,NoSQL Developer,18 Jul 2010
Nicholas,Ramirez,https://www.linkedin.com/in/nicholas-ramirez,,CockroachDB,Database Engineer,31 Aug 2010
Jacqueline,James,https://www.linkedin.com/in/jacqueline-james,,Neo4j,Graph Database Developer,14 Oct 2010
Ronald,Watson,https://www.linkedin.com/in/ronald-watson,,Couchbase,Distributed Database Architect,27 Nov 2010
Cheryl,Brooks,https://www.linkedin.com/in/cheryl-brooks,,PostgreSQL,Database Administrator,10 Jan 2011
Janet,Kelly,https://www.linkedin.com/in/janet-kelly,,MySQL,Database Performance Engineer,23 Feb 2011
Frank,Sanders,https://www.linkedin.com/in/frank-sanders,,MariaDB,Database Developer,07 Apr 2011
Theresa,Price,https://www.linkedin.com/in/theresa-price,,Oracle,Cloud Architect,20 May 2011
Russell,Bennett,https://www.linkedin.com/in/russell-bennett,,Teradata,Analytics Platform Engineer,03 Jul 2011
Katrina,Wood,https://www.linkedin.com/in/katrina-wood,,Vertica,Data Warehouse Engineer,16 Aug 2011
Lawrence,Barnes,https://www.linkedin.com/in/lawrence-barnes,,Cloudera,Big Data Engineer,29 Sep 2011
Frances,Ross,https://www.linkedin.com/in/frances-ross,,Hortonworks,Hadoop Developer,12 Nov 2011
Willie,Henderson,https://www.linkedin.com/in/willie-henderson,,MapR,Distributed Computing Engineer,26 Dec 2011
Denise,Coleman,https://www.linkedin.com/in/denise-coleman,,Palantir,Data Integration Engineer,09 Feb 2012
Roy,Jenkins,https://www.linkedin.com/in/roy-jenkins,,Informatica,ETL Developer,24 Mar 2012
Gloria,Perry,https://www.linkedin.com/in/gloria-perry,,Talend,Data Integration Specialist,07 May 2012
Philip,Powell,https://www.linkedin.com/in/philip-powell,,MuleSoft,Integration Architect,20 Jun 2012
Teresa,Long,https://www.linkedin.com/in/teresa-long,,Dell Boomi,iPaaS Engineer,03 Aug 2012
Joan,Patterson,https://www.linkedin.com/in/joan-patterson,,Jitterbit,Integration Developer,16 Sep 2012
Arthur,Hughes,https://www.linkedin.com/in/arthur-hughes,,SnapLogic,Cloud Integration Engineer,29 Oct 2012
Evelyn,Flores,https://www.linkedin.com/in/evelyn-flores,,Workato,Automation Engineer,12 Dec 2012
Henry,Washington,https://www.linkedin.com/in/henry-washington,,Zapier,Integration Specialist,25 Jan 2013
Jean,Butler,https://www.linkedin.com/in/jean-butler,,IFTTT,Automation Developer,08 Mar 2013
Alice,Simmons,https://www.linkedin.com/in/alice-simmons,,Tray.io,Integration Platform Engineer,21 Apr 2013
Judy,Foster,https://www.linkedin.com/in/judy-foster,,Celigo,iPaaS Architect,04 Jun 2013
Virginia,Bryant,https://www.linkedin.com/in/virginia-bryant,,Boomi,Senior Integration Developer,18 Jul 2013
Harold,Alexander,https://www.linkedin.com/in/harold-alexander,,Microsoft Azure,Cloud Solutions Engineer,31 Aug 2013
Catherine,Russell,https://www.linkedin.com/in/catherine-russell,,AWS,Solutions Architect,14 Oct 2013

